,date,home_team,away_team,home_score,away_score,tournament,city,country,neutral,score_add
0,1872-11-30,Scotland,England,0,0,Friendly,Glasgow,Scotland,False,0
1,1873-03-08,England,Scotland,4,2,Friendly,London,England,False,6
2,1874-03-07,Scotland,England,2,1,Friendly,Glasgow,Scotland,False,3
3,1875-03-06,England,Scotland,2,2,Friendly,London,England,False,4
4,1876-03-04,Scotland,England,3,0,Friendly,Glasgow,Scotland,False,3
6,1877-03-03,England,Scotland,1,3,Friendly,London,England,False,4
8,1878-03-02,Scotland,England,7,2,Friendly,Glasgow,Scotland,False,9
10,1879-01-18,England,Wales,2,1,Friendly,London,England,False,3
11,1879-04-05,England,Scotland,5,4,Friendly,London,England,False,9
13,1880-03-13,Scotland,England,5,4,Friendly,Glasgow,Scotland,False,9
14,1880-03-15,Wales,England,2,3,Friendly,Wrexham,Wales,False,5
16,1881-02-26,England,Wales,0,1,Friendly,Blackburn,England,False,1
17,1881-03-12,England,Scotland,1,6,Friendly,London,England,False,7
19,1882-02-18,Northern Ireland,England,0,13,Friendly,Belfast,Ireland,False,13
21,1882-03-11,Scotland,England,5,1,Friendly,Glasgow,Scotland,False,6
22,1882-03-13,Wales,England,5,3,Friendly,Wrexham,Wales,False,8
24,1883-02-03,England,Wales,5,0,Friendly,London,England,False,5
25,1883-02-24,England,Northern Ireland,7,0,Friendly,Liverpool,England,False,7
26,1883-03-10,England,Scotland,2,3,Friendly,Sheffield,England,False,5
31,1884-02-23,Northern Ireland,England,1,8,British Championship,Belfast,Ireland,False,9
32,1884-03-15,Scotland,England,1,0,British Championship,Glasgow,Scotland,False,1
33,1884-03-17,Wales,England,0,4,British Championship,Wrexham,Wales,False,4
35,1885-02-28,England,Northern Ireland,4,0,British Championship,Manchester,England,False,4
36,1885-03-14,England,Wales,1,1,British Championship,Blackburn,England,False,2
38,1885-03-21,England,Scotland,1,1,British Championship,London,England,False,2
43,1886-03-13,Northern Ireland,England,1,6,British Championship,Belfast,Ireland,False,7
45,1886-03-27,Scotland,England,1,1,British Championship,Glasgow,Scotland,False,2
46,1886-03-29,Wales,England,1,3,British Championship,Wrexham,Wales,False,4
49,1887-02-05,England,Northern Ireland,7,0,British Championship,Sheffield,England,False,7
51,1887-02-26,England,Wales,4,0,British Championship,London,England,False,4
53,1887-03-19,England,Scotland,2,3,British Championship,Blackburn,England,False,5
55,1888-02-04,England,Wales,5,1,British Championship,Crewe,England,False,6
58,1888-03-17,Scotland,England,0,5,British Championship,Glasgow,Scotland,False,5
60,1888-04-07,Northern Ireland,England,1,5,British Championship,Belfast,Ireland,False,6
62,1889-02-23,England,Wales,4,1,British Championship,Stoke-on-Trent,England,False,5
63,1889-03-02,England,Northern Ireland,6,1,British Championship,Liverpool,England,False,7
65,1889-04-13,England,Scotland,2,3,British Championship,London,England,False,5
69,1890-03-15,Northern Ireland,England,1,9,British Championship,Belfast,Ireland,False,10
70,1890-03-15,Wales,England,1,3,British Championship,Wrexham,Wales,False,4
73,1890-04-05,Scotland,England,1,1,British Championship,Glasgow,Scotland,False,2
75,1891-03-07,England,Wales,4,1,British Championship,Sunderland,England,False,5
76,1891-03-07,England,Northern Ireland,6,1,British Championship,Wolverhampton,England,False,7
80,1892-03-05,Northern Ireland,England,0,2,British Championship,Belfast,Ireland,False,2
81,1892-03-05,Wales,England,0,2,British Championship,Wrexham,Wales,False,2
84,1892-04-02,Scotland,England,1,4,British Championship,Glasgow,Scotland,False,5
85,1893-02-25,England,Northern Ireland,6,1,British Championship,Birmingham,England,False,7
86,1893-03-13,England,Wales,6,0,British Championship,Stoke-on-Trent,England,False,6
89,1893-04-01,England,Scotland,5,2,British Championship,Richmond,England,False,7
91,1894-03-03,Northern Ireland,England,2,2,British Championship,Belfast,Ireland,False,4
92,1894-03-12,Wales,England,1,5,British Championship,Wrexham,Wales,False,6
95,1894-04-07,Scotland,England,2,2,British Championship,Glasgow,Scotland,False,4
96,1895-03-09,England,Northern Ireland,9,0,British Championship,Derby,England,False,9
98,1895-03-18,England,Wales,1,1,British Championship,London,England,False,2
101,1895-04-06,England,Scotland,3,0,British Championship,Liverpool,England,False,3
103,1896-03-07,Northern Ireland,England,0,2,British Championship,Belfast,Ireland,False,2
104,1896-03-16,Wales,England,1,9,British Championship,Cardiff,Wales,False,10
107,1896-04-04,Scotland,England,2,1,British Championship,Glasgow,Scotland,False,3
108,1897-02-20,England,Northern Ireland,6,0,British Championship,Nottingham,England,False,6
112,1897-03-29,England,Wales,4,0,British Championship,Sheffield,England,False,4
113,1897-04-03,England,Scotland,1,2,British Championship,London,England,False,3
115,1898-03-05,Northern Ireland,England,2,3,British Championship,Belfast,Ireland,False,5
118,1898-03-28,Wales,England,0,3,British Championship,Wrexham,Wales,False,3
119,1898-04-02,Scotland,England,1,3,British Championship,Glasgow,Scotland,False,4
120,1899-02-18,England,Northern Ireland,13,2,British Championship,Sunderland,England,False,15
123,1899-03-20,England,Wales,4,0,British Championship,Bristol,England,False,4
125,1899-04-08,England,Scotland,2,1,British Championship,Birmingham,England,False,3
129,1900-03-17,Northern Ireland,England,0,2,British Championship,Dublin,Ireland,False,2
130,1900-03-26,Wales,England,1,1,British Championship,Cardiff,Wales,False,2
131,1900-04-07,Scotland,England,4,1,British Championship,Glasgow,Scotland,False,5
134,1901-03-09,England,Northern Ireland,3,0,British Championship,Southampton,England,False,3
135,1901-03-18,England,Wales,6,0,British Championship,Newcastle,England,False,6
137,1901-03-30,England,Scotland,2,2,British Championship,London,England,False,4
140,1902-03-03,Wales,England,0,0,British Championship,Wrexham,Wales,False,0
142,1902-03-22,Northern Ireland,England,0,1,British Championship,Belfast,Ireland,False,1
143,1902-05-03,England,Scotland,2,2,British Championship,Birmingham,England,False,4
146,1903-03-02,England,Wales,2,1,British Championship,Portsmouth,England,False,3
150,1903-04-04,England,Scotland,1,2,British Championship,Sheffield,England,False,3
154,1904-02-29,Wales,England,2,2,British Championship,Wrexham,Wales,False,4
155,1904-03-12,Northern Ireland,England,1,3,British Championship,Belfast,Ireland,False,4
159,1904-04-09,Scotland,England,0,1,British Championship,Glasgow,Scotland,False,1
163,1905-02-25,England,Northern Ireland,1,1,British Championship,Middlesbrough,England,False,2
166,1905-03-27,England,Wales,3,1,British Championship,Liverpool,England,False,4
167,1905-04-01,England,Scotland,1,0,British Championship,London,England,False,1
174,1906-02-17,Northern Ireland,England,0,5,British Championship,Belfast,Ireland,False,5
177,1906-03-19,Wales,England,0,1,British Championship,Cardiff,Wales,False,1
180,1906-04-07,Scotland,England,2,1,British Championship,Glasgow,Scotland,False,3
188,1907-02-16,England,Northern Ireland,1,0,British Championship,Liverpool,England,False,1
192,1907-03-18,England,Wales,1,1,British Championship,London,England,False,2
193,1907-04-06,England,Scotland,1,1,British Championship,Newcastle,England,False,2
201,1908-02-15,Northern Ireland,England,1,3,British Championship,Belfast,Ireland,False,4
205,1908-03-16,Wales,England,1,7,British Championship,Wrexham,Wales,False,8
207,1908-04-04,Scotland,England,1,1,British Championship,Glasgow,Scotland,False,2
215,1908-06-06,Austria,England,1,6,Friendly,Vienna,Austria,False,7
217,1908-06-08,Austria,England,1,11,Friendly,Vienna,Austria,False,12
218,1908-06-10,Hungary,England,0,7,Friendly,Budapest,Hungary,False,7
219,1908-06-13,Czechoslovakia,England,0,4,Friendly,Prague,Bohemia,False,4
227,1909-02-13,England,Northern Ireland,4,0,British Championship,Bradford,England,False,4
229,1909-03-15,England,Wales,2,0,British Championship,Nottingham,England,False,2
233,1909-04-03,England,Scotland,2,0,British Championship,London,England,False,2
239,1909-05-29,Hungary,England,2,4,Friendly,Budapest,Hungary,False,6
241,1909-05-31,Hungary,England,2,8,Friendly,Budapest,Hungary,False,10
242,1909-06-01,Austria,England,1,8,Friendly,Vienna,Austria,False,9
246,1910-02-12,Northern Ireland,England,1,1,British Championship,Belfast,Ireland,False,2
249,1910-03-14,Wales,England,0,1,British Championship,Cardiff,Wales,False,1
251,1910-04-02,Scotland,England,2,0,British Championship,Glasgow,Scotland,False,2
276,1911-02-11,England,Northern Ireland,2,1,British Championship,Derby,England,False,3
278,1911-03-13,England,Wales,3,0,British Championship,London,England,False,3
282,1911-04-01,England,Scotland,1,1,British Championship,Liverpool,England,False,2
306,1912-02-10,Northern Ireland,England,1,6,British Championship,Dublin,Ireland,False,7
311,1912-03-11,Wales,England,0,2,British Championship,Wrexham,Wales,False,2
314,1912-03-23,Scotland,England,1,1,British Championship,Glasgow,Scotland,False,2
340,1913-02-15,Northern Ireland,England,2,1,British Championship,Belfast,Ireland,False,3
346,1913-03-17,England,Wales,4,3,British Championship,Bristol,England,False,7
347,1913-04-05,England,Scotland,1,0,British Championship,London,England,False,1
377,1914-02-14,England,Northern Ireland,0,3,British Championship,Middlesbrough,England,False,3
382,1914-03-16,Wales,England,0,2,British Championship,Cardiff,Wales,False,2
513,1919-10-25,Northern Ireland,England,1,1,British Championship,Belfast,Ireland,False,2
521,1920-03-15,England,Wales,1,2,British Championship,London,England,False,3
525,1920-04-10,England,Scotland,5,4,British Championship,Sheffield,England,False,9
548,1920-10-23,England,Northern Ireland,2,0,British Championship,Sunderland,England,False,2
556,1921-03-14,Wales,England,0,0,British Championship,Cardiff,Wales,False,0
559,1921-04-09,Scotland,England,3,0,British Championship,Glasgow,Scotland,False,3
568,1921-05-21,Belgium,England,0,2,Friendly,Brussels,Belgium,False,2
592,1921-10-22,Northern Ireland,England,1,1,British Championship,Belfast,Ireland,False,2
608,1922-03-13,England,Wales,1,0,British Championship,Liverpool,England,False,1
611,1922-04-08,England,Scotland,0,1,British Championship,Birmingham,England,False,1
656,1922-10-21,England,Northern Ireland,2,0,British Championship,West Bromwich,England,False,2
678,1923-03-05,Wales,England,2,2,British Championship,Cardiff,Wales,False,4
681,1923-03-19,England,Belgium,6,1,Friendly,London,England,False,7
683,1923-04-14,Scotland,England,2,2,British Championship,Glasgow,Scotland,False,4
690,1923-05-10,France,England,1,4,Friendly,Vincennes,France,False,5
693,1923-05-21,Sweden,England,2,4,Friendly,Stockholm,Sweden,False,6
696,1923-05-24,Sweden,England,1,3,Friendly,Solna,Sweden,False,4
730,1923-10-20,Northern Ireland,England,2,1,British Championship,Belfast,Northern Ireland,False,3
736,1923-11-01,Belgium,England,2,2,Friendly,Antwerp,Belgium,False,4
760,1924-03-03,England,Wales,1,2,British Championship,Blackburn,England,False,3
767,1924-04-12,England,Scotland,1,1,British Championship,London,England,False,2
773,1924-05-17,France,England,1,3,Friendly,Vincennes,France,False,4
820,1924-10-22,England,Northern Ireland,3,1,British Championship,Liverpool,England,False,4
831,1924-12-08,England,Belgium,4,0,Friendly,West Bromwich,England,False,4
836,1925-02-28,Wales,England,1,2,British Championship,Swansea,Wales,False,3
845,1925-04-04,Scotland,England,2,0,British Championship,Glasgow,Scotland,False,2
855,1925-05-21,France,England,2,3,Friendly,Colombes,France,False,5
895,1925-10-24,Northern Ireland,England,0,0,British Championship,Belfast,Northern Ireland,False,0
920,1926-03-01,England,Wales,1,3,British Championship,London,England,False,4
927,1926-04-17,England,Scotland,0,1,British Championship,Manchester,England,False,1
939,1926-05-24,Belgium,England,3,5,Friendly,Antwerp,Belgium,False,8
979,1926-10-20,England,Northern Ireland,3,3,British Championship,Liverpool,England,False,6
998,1927-02-12,Wales,England,3,3,British Championship,Wrexham,Wales,False,6
1003,1927-04-02,Scotland,England,1,2,British Championship,Glasgow,Scotland,False,3
1014,1927-05-11,Belgium,England,1,9,Friendly,Brussels,Belgium,False,10
1016,1927-05-21,Luxembourg,England,2,5,Friendly,Esch-sur-Alzette,Luxembourg,False,7
1020,1927-05-26,France,England,0,6,Friendly,Colombes,France,False,6
1055,1927-10-22,Northern Ireland,England,2,0,British Championship,Belfast,Northern Ireland,False,2
1085,1928-03-31,England,Scotland,1,5,British Championship,London,England,False,6
1103,1928-05-17,France,England,1,5,Friendly,Colombes,France,False,6
1104,1928-05-19,Belgium,England,1,3,Friendly,Antwerp,Belgium,False,4
1137,1928-10-22,England,Northern Ireland,2,1,British Championship,Liverpool,England,False,3
1145,1928-11-17,Wales,England,2,3,British Championship,Swansea,Wales,False,5
1158,1929-04-13,Scotland,England,1,0,British Championship,Glasgow,Scotland,False,1
1171,1929-05-09,France,England,1,4,Friendly,Colombes,France,False,5
1173,1929-05-11,Belgium,England,1,5,Friendly,Forest,Belgium,False,6
1175,1929-05-15,Spain,England,4,3,Friendly,Madrid,Spain,False,7
1211,1929-10-19,Northern Ireland,England,0,3,British Championship,Belfast,Northern Ireland,False,3
1228,1929-11-20,England,Wales,6,0,British Championship,London,England,False,6
1241,1930-04-05,England,Scotland,5,2,British Championship,London,England,False,7
1252,1930-05-10,Germany,England,3,3,Friendly,Berlin,Germany,False,6
1256,1930-05-14,Austria,England,0,0,Friendly,Vienna,Austria,False,0
1315,1930-10-20,England,Northern Ireland,5,1,British Championship,Sheffield,England,False,6
1323,1930-11-22,Wales,England,0,4,British Championship,Wrexham,Wales,False,4
1343,1931-03-28,Scotland,England,2,0,British Championship,Glasgow,Scotland,False,2
1360,1931-05-14,France,England,5,2,Friendly,Colombes,France,False,7
1362,1931-05-16,Belgium,England,1,4,Friendly,Brussels,Belgium,False,5
1408,1931-10-17,Northern Ireland,England,2,6,British Championship,Belfast,Northern Ireland,False,8
1414,1931-11-18,England,Wales,3,1,British Championship,Liverpool,England,False,4
1420,1931-12-09,England,Spain,7,1,Friendly,London,England,False,8
1436,1932-04-09,England,Scotland,3,0,British Championship,London,England,False,3
1500,1932-10-17,England,Northern Ireland,1,0,British Championship,Blackpool,England,False,1
1507,1932-11-16,Wales,England,0,0,British Championship,Wrexham,Wales,False,0
1511,1932-12-07,England,Austria,4,3,Friendly,London,England,False,7
1526,1933-04-01,Scotland,England,2,1,British Championship,Glasgow,Scotland,False,3
1537,1933-05-13,Italy,England,1,1,Friendly,Rome,Italy,False,2
1538,1933-05-20,Switzerland,England,0,4,Friendly,Berne,Switzerland,False,4
1582,1933-10-14,Northern Ireland,England,0,3,British Championship,Belfast,Northern Ireland,False,3
1597,1933-11-15,England,Wales,1,2,British Championship,Newcastle,England,False,3
1603,1933-12-06,England,France,4,1,Friendly,London,England,False,5
1631,1934-04-14,England,Scotland,3,0,British Championship,London,England,False,3
1638,1934-05-10,Hungary,England,2,1,Friendly,Budapest,Hungary,False,3
1643,1934-05-16,Czechoslovakia,England,2,1,Friendly,Prague,Czechoslovakia,False,3
1691,1934-09-29,Wales,England,0,4,British Championship,Cardiff,Wales,False,4
1700,1934-11-14,England,Italy,3,2,Friendly,London,England,False,5
1719,1935-02-06,England,Northern Ireland,2,1,British Championship,Liverpool,England,False,3
1730,1935-04-06,Scotland,England,2,0,British Championship,Glasgow,Scotland,False,2
1743,1935-05-18,Netherlands,England,0,1,Friendly,Amsterdam,Netherlands,False,1
1795,1935-10-19,Northern Ireland,England,1,3,British Championship,Belfast,Northern Ireland,False,4
1807,1935-12-04,England,Germany,3,0,Friendly,London,England,False,3
1818,1936-02-05,England,Wales,1,2,British Championship,Wolverhampton,England,False,3
1830,1936-04-04,England,Scotland,1,1,British Championship,London,England,False,2
1836,1936-05-06,Austria,England,2,1,Friendly,Vienna,Austria,False,3
1837,1936-05-09,Belgium,England,3,2,Friendly,Brussels,Belgium,False,5
1879,1936-10-17,Wales,England,2,1,British Championship,Cardiff,Wales,False,3
1886,1936-11-18,England,Northern Ireland,3,1,British Championship,Stoke-on-Trent,England,False,4
1887,1936-12-02,England,Hungary,6,2,Friendly,London,England,False,8
1925,1937-04-17,Scotland,England,3,1,British Championship,Glasgow,Scotland,False,4
1936,1937-05-14,Norway,England,0,6,Friendly,Oslo,Norway,False,6
1938,1937-05-17,Sweden,England,0,4,Friendly,Solna,Sweden,False,4
1941,1937-05-20,Finland,England,0,8,Friendly,Helsinki,Finland,False,8
1987,1937-10-23,Northern Ireland,England,1,5,British Championship,Belfast,Northern Ireland,False,6
1998,1937-11-17,England,Wales,2,1,British Championship,Middlesbrough,England,False,3
2002,1937-12-01,England,Czechoslovakia,5,4,Friendly,London,England,False,9
2032,1938-04-09,England,Scotland,0,1,British Championship,London,England,False,1
2038,1938-05-14,Germany,England,3,6,Friendly,Berlin,Germany,False,9
2043,1938-05-21,Switzerland,England,2,1,Friendly,Zürich,Switzerland,False,3
2046,1938-05-26,France,England,2,4,Friendly,Colombes,France,False,6
2122,1938-10-22,Wales,England,4,2,British Championship,Cardiff,Wales,False,6
2126,1938-11-09,England,Norway,4,0,Friendly,Newcastle,England,False,4
2129,1938-11-16,England,Northern Ireland,7,0,British Championship,Manchester,England,False,7
2163,1939-04-15,Scotland,England,1,2,British Championship,Glasgow,Scotland,False,3
2167,1939-05-13,Italy,England,2,2,Friendly,Milan,Italy,False,4
2172,1939-05-18,Yugoslavia,England,2,1,Friendly,Belgrade,Yugoslavia,False,3
2176,1939-05-24,Romania,England,0,2,Friendly,Bucharest,Romania,False,2
2477,1945-05-26,England,France,2,2,Friendly,London,England,False,4
2484,1945-07-21,Switzerland,England,3,1,Friendly,Berne,Switzerland,False,4
2516,1946-01-19,England,Belgium,2,0,Friendly,London,England,False,2
2550,1946-05-11,England,Switzerland,4,1,Friendly,London,England,False,5
2553,1946-05-19,France,England,2,1,Friendly,Colombes,France,False,3
2575,1946-09-28,Northern Ireland,England,2,7,British Championship,Belfast,Northern Ireland,False,9
2576,1946-09-30,Ireland,England,0,1,Friendly,Dublin,Éire,False,1
2594,1946-11-13,England,Wales,3,0,British Championship,Manchester,England,False,3
2597,1946-11-27,England,Netherlands,8,2,Friendly,Huddersfield,England,False,10
2617,1947-04-12,England,Scotland,1,1,British Championship,London,England,False,2
2620,1947-05-03,England,France,3,0,Friendly,London,England,False,3
2629,1947-05-18,Switzerland,England,1,0,Friendly,Zürich,Switzerland,False,1
2633,1947-05-25,Portugal,England,0,10,Friendly,Oeiras,Portugal,False,10
2677,1947-09-21,Belgium,England,2,5,Friendly,Brussels,Belgium,False,7
2690,1947-10-18,Wales,England,0,3,British Championship,Cardiff,Wales,False,3
2695,1947-11-05,England,Northern Ireland,2,2,British Championship,Liverpool,England,False,4
2704,1947-11-19,England,Sweden,4,2,Friendly,London,England,False,6
2766,1948-04-10,Scotland,England,0,2,British Championship,Glasgow,Scotland,False,2
2776,1948-05-16,Italy,England,0,4,Friendly,Turin,Italy,False,4
2823,1948-09-26,Denmark,England,0,0,Friendly,Copenhagen,Denmark,False,0
2830,1948-10-09,Northern Ireland,England,2,6,British Championship,Belfast,Northern Ireland,False,8
2848,1948-11-10,England,Wales,1,0,British Championship,Birmingham,England,False,1
2853,1948-12-02,England,Switzerland,6,0,Friendly,London,England,False,6
2876,1949-04-09,England,Scotland,1,3,British Championship,London,England,False,4
2921,1949-05-13,Sweden,England,3,1,Friendly,Solna,Sweden,False,4
2926,1949-05-18,Norway,England,1,4,Friendly,Oslo,Norway,False,5
2929,1949-05-22,France,England,1,3,Friendly,Colombes,France,False,4
2967,1949-09-21,England,Ireland,0,2,Friendly,Liverpool,England,False,2
2981,1949-10-15,Wales,England,1,4,FIFA World Cup qualification,Cardiff,Wales,False,5
2996,1949-11-16,England,Northern Ireland,9,2,FIFA World Cup qualification,Manchester,England,False,11
3003,1949-11-30,England,Italy,2,0,Friendly,London,England,False,2
3031,1950-04-15,Scotland,England,0,1,FIFA World Cup qualification,Glasgow,Scotland,False,1
3045,1950-05-14,Portugal,England,3,5,Friendly,Oeiras,Portugal,False,8
3046,1950-05-18,Belgium,England,1,4,Friendly,Brussels,Belgium,False,5
3064,1950-06-25,Chile,England,0,2,FIFA World Cup,Rio de Janeiro,Brazil,True,2
3072,1950-06-29,England,USA,0,1,FIFA World Cup,Belo Horizonte,Brazil,True,1
3078,1950-07-02,England,Spain,0,1,FIFA World Cup,Rio de Janeiro,Brazil,True,1
3107,1950-10-07,Northern Ireland,England,1,4,British Championship,Belfast,Northern Ireland,False,5
3130,1950-11-15,England,Wales,4,2,British Championship,Sunderland,England,False,6
3132,1950-11-22,England,Yugoslavia,2,2,Friendly,London,England,False,4
3158,1951-04-14,England,Scotland,2,3,British Championship,London,England,False,5
3162,1951-05-09,England,Argentina,2,1,Friendly,London,England,False,3
3170,1951-05-19,England,Portugal,5,2,Friendly,Liverpool,England,False,7
3211,1951-10-03,England,France,2,2,Friendly,London,England,False,4
3220,1951-10-20,Wales,England,1,1,British Championship,Cardiff,Wales,False,2
3226,1951-11-14,England,Northern Ireland,2,0,British Championship,London,England,False,2
3234,1951-11-28,England,Austria,2,2,Friendly,London,England,False,4
3262,1952-04-05,Scotland,England,1,2,British Championship,Glasgow,Scotland,False,3
3281,1952-05-18,Italy,England,1,1,Friendly,Florence,Italy,False,2
3285,1952-05-25,Austria,England,2,3,Friendly,Vienna,Austria,False,5
3289,1952-05-28,Switzerland,England,0,3,Friendly,Zürich,Switzerland,False,3
3330,1952-10-04,Northern Ireland,England,2,2,British Championship,Belfast,Northern Ireland,False,4
3345,1952-11-12,England,Wales,5,2,British Championship,London,England,False,7
3348,1952-11-26,England,Belgium,5,0,Friendly,London,England,False,5
3412,1953-04-18,England,Scotland,2,2,British Championship,London,England,False,4
3423,1953-05-14,Argentina,England,3,1,Friendly,Buenos Aires,Argentina,False,4
3426,1953-05-17,Argentina,England,0,0,Friendly,Buenos Aires,Argentina,False,0
3430,1953-05-24,Chile,England,1,2,Friendly,Santiago,Chile,False,3
3434,1953-05-31,Uruguay,England,2,1,Friendly,Montevideo,Uruguay,False,3
3438,1953-06-08,USA,England,3,6,Friendly,New York,USA,False,9
3488,1953-10-10,Wales,England,1,4,FIFA World Cup qualification,Cardiff,Wales,False,5
3509,1953-11-11,England,Northern Ireland,3,1,FIFA World Cup qualification,Liverpool,England,False,4
3518,1953-11-25,England,Hungary,3,6,Friendly,London,England,False,9
3548,1954-04-03,Scotland,England,2,4,FIFA World Cup qualification,Glasgow,Scotland,False,6
3566,1954-05-16,Yugoslavia,England,1,0,Friendly,Belgrade,Yugoslavia,False,1
3570,1954-05-23,Hungary,England,7,1,Friendly,Budapest,Hungary,False,8
3590,1954-06-17,Belgium,England,4,4,FIFA World Cup,Basel,Switzerland,True,8
3601,1954-06-20,Switzerland,England,0,2,FIFA World Cup,Berne,Switzerland,False,2
3604,1954-06-26,England,Uruguay,2,4,FIFA World Cup,Basel,Switzerland,True,6
3640,1954-10-02,Northern Ireland,England,0,2,British Championship,Belfast,Northern Ireland,False,2
3661,1954-11-10,England,Wales,3,2,British Championship,London,England,False,5
3665,1954-12-01,England,Germany,3,1,Friendly,London,England,False,4
3697,1955-04-02,England,Scotland,7,2,British Championship,London,England,False,9
3710,1955-05-15,France,England,1,0,Friendly,Colombes,France,False,1
3712,1955-05-18,Spain,England,1,1,Friendly,Madrid,Spain,False,2
3717,1955-05-22,Portugal,England,3,1,Friendly,Porto,Portugal,False,4
3781,1955-10-02,Denmark,England,1,5,Friendly,Copenhagen,Denmark,False,6
3793,1955-10-22,Wales,England,2,1,British Championship,Cardiff,Wales,False,3
3797,1955-11-02,England,Northern Ireland,3,0,British Championship,London,England,False,3
3812,1955-11-30,England,Spain,4,1,Friendly,London,England,False,5
3876,1956-04-14,Scotland,England,1,1,British Championship,Glasgow,Scotland,False,2
3889,1956-05-09,England,Brazil,4,2,Friendly,London,England,False,6
3892,1956-05-16,Sweden,England,0,0,Friendly,Solna,Sweden,False,0
3893,1956-05-20,Finland,England,1,5,Friendly,Helsinki,Finland,False,6
3970,1956-10-06,Northern Ireland,England,1,1,British Championship,Belfast,Northern Ireland,False,2
3995,1956-11-14,England,Wales,3,1,British Championship,London,England,False,4
4004,1956-11-28,England,Yugoslavia,3,0,Friendly,London,England,False,3
4008,1956-12-05,England,Denmark,5,2,FIFA World Cup qualification,Wolverhampton,England,False,7
4058,1957-04-06,England,Scotland,2,1,British Championship,London,England,False,3
4075,1957-05-08,England,Ireland,5,1,FIFA World Cup qualification,London,England,False,6
4079,1957-05-15,Denmark,England,1,4,FIFA World Cup qualification,Copenhagen,Denmark,False,5
4083,1957-05-19,Ireland,England,1,1,FIFA World Cup qualification,Dublin,Ireland,False,2
4204,1957-10-19,Wales,England,0,4,British Championship,Cardiff,Wales,False,4
4220,1957-11-06,England,Northern Ireland,2,3,British Championship,London,England,False,5
4230,1957-11-27,England,France,4,0,Friendly,London,England,False,4
4258,1958-04-19,Scotland,England,0,4,British Championship,Glasgow,Scotland,False,4
4272,1958-05-07,England,Portugal,2,1,Friendly,London,England,False,3
4279,1958-05-11,Yugoslavia,England,5,0,Friendly,Belgrade,Yugoslavia,False,5
4289,1958-05-18,Russia,England,1,1,Friendly,Moscow,Soviet Union,False,2
4298,1958-06-08,England,Russia,2,2,FIFA World Cup,Gothenburg,Sweden,True,4
4305,1958-06-11,Brazil,England,0,0,FIFA World Cup,Gothenburg,Sweden,True,0
4312,1958-06-15,Austria,England,2,2,FIFA World Cup,Borås,Sweden,True,4
4321,1958-06-17,England,Russia,0,1,FIFA World Cup,Gothenburg,Sweden,True,1
4361,1958-10-04,Northern Ireland,England,3,3,British Championship,Belfast,Northern Ireland,False,6
4378,1958-10-22,England,Russia,5,0,Friendly,London,England,False,5
4393,1958-11-26,England,Wales,2,2,British Championship,Birmingham,England,False,4
4442,1959-04-11,England,Scotland,1,0,British Championship,London,England,False,1
4451,1959-05-06,England,Italy,2,2,Friendly,London,England,False,4
4457,1959-05-13,Brazil,England,2,0,Friendly,Rio de Janeiro,Brazil,False,2
4461,1959-05-17,Peru,England,4,1,Friendly,Lima,Peru,False,5
4468,1959-05-24,Mexico,England,2,1,Friendly,Mexico City,Mexico,False,3
4471,1959-05-28,USA,England,1,8,Friendly,Los Angeles,USA,False,9
4535,1959-10-17,Wales,England,1,1,British Championship,Cardiff,Wales,False,2
4544,1959-10-28,England,Sweden,2,3,Friendly,London,England,False,5
4552,1959-11-18,England,Northern Ireland,2,1,British Championship,London,England,False,3
4616,1960-04-09,Scotland,England,1,1,British Championship,Glasgow,Scotland,False,2
4641,1960-05-11,England,Yugoslavia,3,3,Friendly,London,England,False,6
4643,1960-05-15,Spain,England,3,0,Friendly,Madrid,Spain,False,3
4648,1960-05-22,Hungary,England,2,0,Friendly,Budapest,Hungary,False,2
4738,1960-10-08,Northern Ireland,England,2,5,British Championship,Belfast,Northern Ireland,False,7
4754,1960-10-19,Luxembourg,England,0,9,FIFA World Cup qualification,Luxembourg,Luxembourg,False,9
4760,1960-10-26,England,Spain,4,2,Friendly,London,England,False,6
4781,1960-11-23,England,Wales,5,1,British Championship,London,England,False,6
4837,1961-04-15,England,Scotland,9,3,British Championship,London,England,False,12
4856,1961-05-10,England,Mexico,8,0,Friendly,London,England,False,8
4868,1961-05-21,Portugal,England,1,1,FIFA World Cup qualification,Oeiras,Portugal,False,2
4869,1961-05-24,Italy,England,2,3,Friendly,Rome,Italy,False,5
4870,1961-05-27,Austria,England,3,1,Friendly,Vienna,Austria,False,4
4924,1961-09-28,England,Luxembourg,4,1,FIFA World Cup qualification,London,England,False,5
4942,1961-10-14,Wales,England,1,1,British Championship,Cardiff,Wales,False,2
4955,1961-10-25,England,Portugal,2,0,FIFA World Cup qualification,London,England,False,2
4977,1961-11-22,England,Northern Ireland,1,1,British Championship,London,England,False,2
5021,1962-04-04,England,Austria,3,1,Friendly,London,England,False,4
5028,1962-04-14,Scotland,England,2,0,British Championship,Glasgow,Scotland,False,2
5045,1962-05-09,England,Switzerland,3,1,Friendly,London,England,False,4
5056,1962-05-20,Peru,England,0,4,Friendly,Lima,Peru,False,4
5067,1962-05-31,England,Hungary,1,2,FIFA World Cup,Rancagua,Chile,True,3
5070,1962-06-02,Argentina,England,1,3,FIFA World Cup,Rancagua,Chile,True,4
5085,1962-06-07,Bulgaria,England,0,0,FIFA World Cup,Rancagua,Chile,True,0
5090,1962-06-10,Brazil,England,3,1,FIFA World Cup,Viña del Mar,Chile,True,4
5156,1962-10-03,England,France,1,1,UEFA Euro qualification,Sheffield,England,False,2
5173,1962-10-20,Northern Ireland,England,1,3,British Championship,Belfast,Northern Ireland,False,4
5203,1962-11-21,England,Wales,4,0,British Championship,London,England,False,4
5251,1963-02-27,France,England,5,2,UEFA Euro qualification,Paris,France,False,7
5311,1963-04-06,England,Scotland,1,2,British Championship,London,England,False,3
5338,1963-05-08,England,Brazil,1,1,Friendly,London,England,False,2
5350,1963-05-29,Czechoslovakia,England,2,4,Friendly,Bratislava,Czechoslovakia,False,6
5354,1963-06-02,German DR,England,1,2,Friendly,Leipzig,German DR,False,3
5359,1963-06-05,Switzerland,England,1,8,Friendly,Basel,Switzerland,False,9
5421,1963-10-12,Wales,England,0,4,British Championship,Cardiff,Wales,False,4
5456,1963-11-20,England,Northern Ireland,8,3,British Championship,London,England,False,11
5522,1964-04-11,Scotland,England,1,0,British Championship,Glasgow,Scotland,False,1
5535,1964-05-06,England,Uruguay,2,1,Friendly,London,England,False,3
5544,1964-05-17,Portugal,England,3,4,Friendly,Oeiras,Portugal,False,7
5548,1964-05-24,Ireland,England,1,3,Friendly,Dublin,Ireland,False,4
5553,1964-05-27,USA,England,0,10,Friendly,New York,USA,False,10
5555,1964-05-30,Brazil,England,5,1,Friendly,Rio de Janeiro,Brazil,False,6
5561,1964-06-04,England,Portugal,1,1,Friendly,São Paulo,Brazil,True,2
5564,1964-06-06,Argentina,England,1,0,Friendly,Rio de Janeiro,Brazil,True,1
5621,1964-10-03,Northern Ireland,England,3,4,British Championship,Belfast,Northern Ireland,False,7
5637,1964-10-21,England,Belgium,2,2,Friendly,London,England,False,4
5662,1964-11-18,England,Wales,2,1,British Championship,London,England,False,3
5674,1964-12-09,Netherlands,England,1,1,Friendly,Amsterdam,Netherlands,False,2
5746,1965-04-10,England,Scotland,2,2,British Championship,London,England,False,4
5772,1965-05-05,England,Hungary,1,0,Friendly,London,England,False,1
5782,1965-05-09,Yugoslavia,England,1,1,Friendly,Belgrade,Yugoslavia,False,2
5784,1965-05-12,Germany,England,0,1,Friendly,Nuremberg,Germany,False,1
5789,1965-05-16,Sweden,England,1,2,Friendly,Gothenburg,Sweden,False,3
5917,1965-10-02,Wales,England,0,0,British Championship,Cardiff,Wales,False,0
5929,1965-10-20,England,Austria,2,3,Friendly,London,England,False,5
5949,1965-11-10,England,Northern Ireland,2,1,British Championship,London,England,False,3
5990,1965-12-08,Spain,England,0,2,Friendly,Madrid,Spain,False,2
5996,1966-01-05,England,Poland,1,1,Friendly,Liverpool,England,False,2
6000,1966-02-23,England,Germany,1,0,Friendly,London,England,False,1
6023,1966-04-02,Scotland,England,3,4,British Championship,Glasgow,Scotland,False,7
6055,1966-05-04,England,Yugoslavia,2,0,Friendly,London,England,False,2
6119,1966-06-26,Finland,England,0,3,Friendly,Helsinki,Finland,False,3
6124,1966-06-29,Norway,England,1,6,Friendly,Oslo,Norway,False,7
6129,1966-07-03,Denmark,England,0,2,Friendly,Copenhagen,Denmark,False,2
6133,1966-07-05,Poland,England,0,1,Friendly,Chorzów,Poland,False,1
6139,1966-07-11,England,Uruguay,0,0,FIFA World Cup,London,England,False,0
6153,1966-07-16,England,Mexico,2,0,FIFA World Cup,London,England,False,2
6162,1966-07-20,England,France,2,0,FIFA World Cup,London,England,False,2
6165,1966-07-23,England,Argentina,1,0,FIFA World Cup,London,England,False,1
6170,1966-07-26,England,Portugal,2,1,FIFA World Cup,London,England,False,3
6172,1966-07-30,England,Germany,4,2,FIFA World Cup,London,England,False,6
6231,1966-10-22,Northern Ireland,England,0,2,UEFA Euro qualification,Belfast,Northern Ireland,False,2
6241,1966-11-02,England,Czechoslovakia,0,0,Friendly,London,England,False,0
6259,1966-11-16,England,Wales,5,1,UEFA Euro qualification,London,England,False,6
6405,1967-04-15,England,Scotland,2,3,UEFA Euro qualification,London,England,False,5
6427,1967-05-24,England,Spain,2,0,Friendly,London,England,False,2
6430,1967-05-27,Austria,England,0,1,Friendly,Vienna,Austria,False,1
6552,1967-10-21,Wales,England,0,3,UEFA Euro qualification,Cardiff,Wales,False,3
6604,1967-11-22,England,Northern Ireland,2,0,UEFA Euro qualification,London,England,False,2
6626,1967-12-06,England,Russia,2,2,Friendly,London,England,False,4
6663,1968-02-24,Scotland,England,1,1,UEFA Euro qualification,Glasgow,Scotland,False,2
6679,1968-04-03,England,Spain,1,0,UEFA Euro qualification,London,England,False,1
6703,1968-05-08,Spain,England,1,2,UEFA Euro qualification,Madrid,Spain,False,3
6721,1968-05-22,England,Sweden,3,1,Friendly,London,England,False,4
6724,1968-06-01,Germany,England,1,0,Friendly,Hanover,Germany,False,1
6728,1968-06-05,England,Yugoslavia,0,1,UEFA Euro,Florence,Italy,True,1
6731,1968-06-08,England,Russia,2,0,UEFA Euro,Rome,Italy,True,2
6868,1968-11-06,Romania,England,0,0,Friendly,Bucharest,Romania,False,0
6920,1968-12-11,England,Bulgaria,1,1,Friendly,London,England,False,2
6952,1969-01-15,England,Romania,1,1,Friendly,London,England,False,2
6983,1969-03-12,England,France,5,0,Friendly,London,England,False,5
7016,1969-05-03,Northern Ireland,England,1,3,British Championship,Belfast,Northern Ireland,False,4
7024,1969-05-07,England,Wales,2,1,British Championship,London,England,False,3
7028,1969-05-10,England,Scotland,4,1,British Championship,London,England,False,5
7048,1969-06-01,Mexico,England,0,0,Friendly,Mexico City,Mexico,False,0
7050,1969-06-03,Mexico,England,0,4,Friendly,Guadalajara,Mexico,False,4
7055,1969-06-08,Uruguay,England,1,2,Friendly,Montevideo,Uruguay,False,3
7057,1969-06-12,Brazil,England,2,1,Friendly,Rio de Janeiro,Brazil,False,3
7216,1969-11-05,Netherlands,England,0,1,Friendly,Amsterdam,Netherlands,False,1
7275,1969-12-10,England,Portugal,1,0,Friendly,London,England,False,1
7281,1970-01-14,England,Netherlands,0,0,Friendly,London,England,False,0
7312,1970-02-25,Belgium,England,1,3,Friendly,Brussels,Belgium,False,4
7346,1970-04-18,Wales,England,1,1,British Championship,Cardiff,Wales,False,2
7348,1970-04-21,England,Northern Ireland,3,1,British Championship,London,England,False,4
7352,1970-04-25,Scotland,England,0,0,British Championship,Glasgow,Scotland,False,0
7373,1970-05-20,Colombia,England,0,4,Friendly,Bogotá,Colombia,False,4
7374,1970-05-24,Ecuador,England,0,2,Friendly,Quito,Ecuador,False,2
7377,1970-06-02,England,Romania,1,0,FIFA World Cup,Guadalajara,Mexico,True,1
7389,1970-06-07,Brazil,England,1,0,FIFA World Cup,Guadalajara,Mexico,True,1
7398,1970-06-11,Czechoslovakia,England,0,1,FIFA World Cup,Guadalajara,Mexico,True,1
7403,1970-06-14,England,Germany,2,3,FIFA World Cup,León,Mexico,True,5
7580,1970-11-25,England,German DR,3,1,Friendly,London,England,False,4
7605,1971-02-03,Malta,England,0,1,UEFA Euro qualification,Gżira,Malta,False,1
7633,1971-04-21,England,Greece,3,0,UEFA Euro qualification,London,England,False,3
7664,1971-05-12,England,Malta,5,0,UEFA Euro qualification,London,England,False,5
7671,1971-05-15,Northern Ireland,England,0,1,British Championship,Belfast,Northern Ireland,False,1
7676,1971-05-19,England,Wales,0,0,British Championship,London,England,False,0
7681,1971-05-22,England,Scotland,3,1,British Championship,London,England,False,4
7865,1971-10-13,Switzerland,England,2,3,UEFA Euro qualification,Basel,Switzerland,False,5
7888,1971-11-10,England,Switzerland,1,1,UEFA Euro qualification,London,England,False,2
7926,1971-12-01,Greece,England,0,2,UEFA Euro qualification,Piraeus,Greece,False,2
8051,1972-04-29,England,Germany,1,3,UEFA Euro qualification,London,England,False,4
8071,1972-05-13,Germany,England,0,0,UEFA Euro qualification,Berlin,Germany,False,0
8085,1972-05-20,Wales,England,0,3,British Championship,Cardiff,Wales,False,3
8088,1972-05-23,England,Northern Ireland,0,1,British Championship,London,England,False,1
8095,1972-05-27,Scotland,England,0,1,British Championship,Glasgow,Scotland,False,1
8269,1972-10-11,England,Yugoslavia,1,1,Friendly,London,England,False,2
8312,1972-11-15,Wales,England,0,1,FIFA World Cup qualification,Cardiff,Wales,False,1
8375,1973-01-24,England,Wales,1,1,FIFA World Cup qualification,London,England,False,2
8396,1973-02-14,Scotland,England,0,5,Friendly,Glasgow,Scotland,False,5
8488,1973-05-12,England,Northern Ireland,2,1,British Championship,Liverpool,England,False,3
8497,1973-05-15,England,Wales,3,0,British Championship,London,England,False,3
8508,1973-05-19,England,Scotland,1,0,British Championship,London,England,False,1
8528,1973-05-27,Czechoslovakia,England,1,1,Friendly,Prague,Czechoslovakia,False,2
8540,1973-06-06,Poland,England,2,0,FIFA World Cup qualification,Chorzów,Poland,False,2
8545,1973-06-10,Russia,England,1,2,Friendly,Moscow,Soviet Union,False,3
8551,1973-06-14,Italy,England,2,0,Friendly,Turin,Italy,False,2
8674,1973-09-26,England,Austria,7,0,Friendly,London,England,False,7
8707,1973-10-17,England,Poland,1,1,FIFA World Cup qualification,London,England,False,2
8740,1973-11-14,England,Italy,0,1,Friendly,London,England,False,1
8873,1974-04-03,Portugal,England,0,0,Friendly,Lisbon,Portugal,False,0
8902,1974-05-11,Wales,England,0,2,British Championship,Cardiff,Wales,False,2
8907,1974-05-15,England,Northern Ireland,1,0,British Championship,London,England,False,1
8912,1974-05-18,Scotland,England,2,0,British Championship,Glasgow,Scotland,False,2
8917,1974-05-22,England,Argentina,2,2,Friendly,London,England,False,4
8922,1974-05-29,German DR,England,1,1,Friendly,Leipzig,German DR,False,2
8926,1974-06-01,Bulgaria,England,0,1,Friendly,Sofia,Bulgaria,False,1
8932,1974-06-05,Yugoslavia,England,2,2,Friendly,Belgrade,Yugoslavia,False,4
9058,1974-10-30,England,Czechoslovakia,3,0,UEFA Euro qualification,London,England,False,3
9090,1974-11-20,England,Portugal,0,0,UEFA Euro qualification,London,England,False,0
9173,1975-03-12,England,Germany,2,0,Friendly,London,England,False,2
9214,1975-04-16,England,Cyprus,5,0,UEFA Euro qualification,London,England,False,5
9233,1975-05-11,Cyprus,England,0,1,UEFA Euro qualification,Limassol,Cyprus,False,1
9240,1975-05-17,Northern Ireland,England,0,0,British Championship,Belfast,Northern Ireland,False,0
9245,1975-05-21,England,Wales,2,2,British Championship,London,England,False,4
9250,1975-05-24,England,Scotland,5,1,British Championship,London,England,False,6
9393,1975-09-03,Switzerland,England,1,2,Friendly,Basel,Switzerland,False,3
9437,1975-10-30,Czechoslovakia,England,2,1,UEFA Euro qualification,Bratislava,Czechoslovakia,False,3
9456,1975-11-19,Portugal,England,1,1,UEFA Euro qualification,Lisbon,Portugal,False,2
9564,1976-03-24,Wales,England,1,2,Friendly,Wrexham,Wales,False,3
9624,1976-05-08,Wales,England,0,1,British Championship,Cardiff,Wales,False,1
9626,1976-05-11,England,Northern Ireland,4,0,British Championship,London,England,False,4
9632,1976-05-15,Scotland,England,2,1,British Championship,Glasgow,Scotland,False,3
9642,1976-05-23,Brazil,England,1,0,Friendly,Los Angeles,USA,True,1
9647,1976-05-28,England,Italy,3,2,Friendly,New York,USA,True,5
9651,1976-05-31,USA,England,1,3,Friendly,Philadelphia,USA,False,4
9670,1976-06-13,Finland,England,1,4,FIFA World Cup qualification,Helsinki,Finland,False,5
9738,1976-09-08,England,Ireland,1,1,Friendly,London,England,False,2
9795,1976-10-13,England,Finland,2,1,FIFA World Cup qualification,London,England,False,3
9854,1976-11-17,Italy,England,2,0,FIFA World Cup qualification,Rome,Italy,False,2
9925,1977-02-09,England,Netherlands,0,2,Friendly,London,England,False,2
10013,1977-03-30,England,Luxembourg,5,0,FIFA World Cup qualification,London,England,False,5
10054,1977-05-28,Northern Ireland,England,1,2,British Championship,Belfast,Northern Ireland,False,3
10061,1977-05-31,England,Wales,0,1,British Championship,London,England,False,1
10068,1977-06-04,England,Scotland,1,2,British Championship,London,England,False,3
10073,1977-06-08,Brazil,England,0,0,Friendly,Rio de Janeiro,Brazil,False,0
10080,1977-06-12,Argentina,England,1,1,Friendly,Buenos Aires,Argentina,False,2
10089,1977-06-15,Uruguay,England,0,0,Friendly,Montevideo,Uruguay,False,0
10159,1977-09-07,England,Switzerland,0,0,Friendly,London,England,False,0
10216,1977-10-12,Luxembourg,England,0,2,FIFA World Cup qualification,Luxembourg,Luxembourg,False,2
10266,1977-11-16,England,Italy,2,0,FIFA World Cup qualification,London,England,False,2
10320,1978-02-22,Germany,England,2,1,Friendly,Munich,Germany,False,3
10376,1978-04-19,England,Brazil,1,1,Friendly,London,England,False,2
10400,1978-05-13,Wales,England,1,3,British Championship,Cardiff,Wales,False,4
10404,1978-05-16,England,Northern Ireland,1,0,British Championship,London,England,False,1
10413,1978-05-20,Scotland,England,0,1,British Championship,Glasgow,Scotland,False,1
10418,1978-05-24,England,Hungary,4,1,Friendly,London,England,False,5
10542,1978-09-20,Denmark,England,3,4,UEFA Euro qualification,Copenhagen,Denmark,False,7
10576,1978-10-25,Ireland,England,1,1,UEFA Euro qualification,Dublin,Ireland,False,2
10618,1978-11-29,England,Czechoslovakia,1,0,Friendly,London,England,False,1
10662,1979-02-07,England,Northern Ireland,4,0,UEFA Euro qualification,London,England,False,4
10741,1979-05-19,Northern Ireland,England,0,2,British Championship,Belfast,Northern Ireland,False,2
10748,1979-05-23,England,Wales,0,0,British Championship,London,England,False,0
10750,1979-05-26,England,Scotland,3,1,British Championship,London,England,False,4
10762,1979-06-06,Bulgaria,England,0,3,UEFA Euro qualification,Sofia,Bulgaria,False,3
10768,1979-06-10,Sweden,England,0,0,Friendly,Solna,Sweden,False,0
10769,1979-06-13,Austria,England,4,3,Friendly,Vienna,Austria,False,7
10888,1979-09-12,England,Denmark,1,0,UEFA Euro qualification,London,England,False,1
10932,1979-10-17,Northern Ireland,England,1,5,UEFA Euro qualification,Belfast,Northern Ireland,False,6
10996,1979-11-22,England,Bulgaria,2,0,UEFA Euro qualification,London,England,False,2
11031,1980-02-06,England,Ireland,2,0,UEFA Euro qualification,London,England,False,2
11104,1980-03-26,Spain,England,0,2,Friendly,Barcelona,Spain,False,2
11142,1980-05-13,England,Argentina,3,1,Friendly,London,England,False,4
11149,1980-05-17,Wales,England,4,1,British Championship,Wrexham,Wales,False,5
11151,1980-05-20,England,Northern Ireland,1,1,British Championship,London,England,False,2
11160,1980-05-24,Scotland,England,0,2,British Championship,Glasgow,Scotland,False,2
11163,1980-05-31,Australia,England,1,2,Friendly,Sydney,Australia,False,3
11184,1980-06-12,Belgium,England,1,1,UEFA Euro,Turin,Italy,True,2
11197,1980-06-15,Italy,England,1,0,UEFA Euro,Turin,Italy,False,1
11204,1980-06-18,Spain,England,1,2,UEFA Euro,Naples,Italy,True,3
11292,1980-09-10,England,Norway,4,0,FIFA World Cup qualification,London,England,False,4
11366,1980-10-15,Romania,England,2,1,FIFA World Cup qualification,Bucharest,Romania,False,3
11432,1980-11-19,England,Switzerland,2,1,FIFA World Cup qualification,London,England,False,3
11588,1981-03-25,England,Spain,1,2,Friendly,London,England,False,3
11658,1981-04-29,England,Romania,0,0,FIFA World Cup qualification,London,England,False,0
11673,1981-05-12,England,Brazil,0,1,Friendly,London,England,False,1
11686,1981-05-20,England,Wales,0,0,British Championship,London,England,False,0
11688,1981-05-23,England,Scotland,0,1,British Championship,London,England,False,1
11696,1981-05-30,Switzerland,England,2,1,FIFA World Cup qualification,Basel,Switzerland,False,3
11707,1981-06-06,Hungary,England,1,3,FIFA World Cup qualification,Budapest,Hungary,False,4
11830,1981-09-09,Norway,England,2,1,FIFA World Cup qualification,Oslo,Norway,False,3
11941,1981-11-18,England,Hungary,1,0,FIFA World Cup qualification,London,England,False,1
12033,1982-02-23,England,Northern Ireland,4,0,British Championship,London,England,False,4
12112,1982-04-27,Wales,England,0,1,British Championship,Cardiff,Wales,False,1
12152,1982-05-25,England,Netherlands,2,0,Friendly,London,England,False,2
12157,1982-05-29,Scotland,England,0,1,British Championship,Glasgow,Scotland,False,1
12160,1982-06-02,Iceland,England,1,1,Friendly,Reykjavík,Iceland,False,2
12162,1982-06-03,Finland,England,1,4,Friendly,Helsinki,Finland,False,5
12179,1982-06-16,England,France,3,1,FIFA World Cup,Bilbao,Spain,True,4
12191,1982-06-20,England,Czechoslovakia,2,0,FIFA World Cup,Bilbao,Spain,True,2
12207,1982-06-25,England,Kuwait,1,0,FIFA World Cup,Bilbao,Spain,True,1
12215,1982-06-29,Germany,England,0,0,FIFA World Cup,Madrid,Spain,True,0
12224,1982-07-05,Spain,England,0,0,FIFA World Cup,Madrid,Spain,False,0
12267,1982-09-22,Denmark,England,2,2,UEFA Euro qualification,Copenhagen,Denmark,False,4
12290,1982-10-13,England,Germany,1,2,Friendly,London,England,False,3
12324,1982-11-17,Greece,England,0,3,UEFA Euro qualification,Salonica,Greece,False,3
12345,1982-12-15,England,Luxembourg,9,0,UEFA Euro qualification,London,England,False,9
12380,1983-02-23,England,Wales,2,1,British Championship,London,England,False,3
12412,1983-03-30,England,Greece,0,0,UEFA Euro qualification,London,England,False,0
12460,1983-04-27,England,Hungary,2,0,UEFA Euro qualification,London,England,False,2
12491,1983-05-28,Northern Ireland,England,0,0,British Championship,Belfast,Northern Ireland,False,0
12500,1983-06-01,England,Scotland,2,0,British Championship,London,England,False,2
12520,1983-06-12,Australia,England,0,0,Friendly,Sydney,Australia,False,0
12525,1983-06-15,Australia,England,0,1,Friendly,Brisbane,Australia,False,1
12531,1983-06-19,Australia,England,1,1,Friendly,Melbourne,Australia,False,2
12672,1983-09-21,England,Denmark,0,1,UEFA Euro qualification,London,England,False,1
12706,1983-10-12,Hungary,England,0,3,UEFA Euro qualification,Budapest,Hungary,False,3
12749,1983-11-16,Luxembourg,England,0,4,UEFA Euro qualification,Luxembourg,Luxembourg,False,4
12863,1984-02-29,France,England,2,0,Friendly,Paris,France,False,2
12922,1984-04-04,England,Northern Ireland,1,0,British Championship,London,England,False,1
12939,1984-05-02,Wales,England,1,0,British Championship,Wrexham,Wales,False,1
12949,1984-05-26,Scotland,England,1,1,British Championship,Glasgow,Scotland,False,2
12957,1984-06-02,England,Russia,0,2,Friendly,London,England,False,2
12971,1984-06-10,Brazil,England,0,2,Friendly,Rio de Janeiro,Brazil,False,2
12978,1984-06-13,Uruguay,England,2,0,Friendly,Montevideo,Uruguay,False,2
12986,1984-06-17,Chile,England,0,0,Friendly,Santiago,Chile,False,0
13104,1984-09-12,England,German DR,1,0,Friendly,London,England,False,1
13170,1984-10-17,England,Finland,5,0,FIFA World Cup qualification,London,England,False,5
13228,1984-11-14,Turkey,England,0,8,FIFA World Cup qualification,Istanbul,Turkey,False,8
13429,1985-02-27,Northern Ireland,England,0,1,FIFA World Cup qualification,Belfast,Northern Ireland,False,1
13481,1985-03-26,England,Ireland,2,1,Friendly,London,England,False,3
13599,1985-05-01,Romania,England,0,0,FIFA World Cup qualification,Bucharest,Romania,False,0
13632,1985-05-22,Finland,England,1,1,FIFA World Cup qualification,Helsinki,Finland,False,2
13635,1985-05-25,Scotland,England,1,0,Rous Cup,Glasgow,Scotland,False,1
13658,1985-06-06,England,Italy,1,2,Friendly,Mexico City,Mexico,True,3
13666,1985-06-09,Mexico,England,1,0,Friendly,Mexico City,Mexico,False,1
13669,1985-06-12,England,Germany,3,0,Friendly,Mexico City,Mexico,True,3
13677,1985-06-16,USA,England,0,5,Friendly,Los Angeles,USA,False,5
13767,1985-09-11,England,Romania,1,1,FIFA World Cup qualification,London,England,False,2
13817,1985-10-16,England,Turkey,5,0,FIFA World Cup qualification,London,England,False,5
13854,1985-11-13,England,Northern Ireland,0,0,FIFA World Cup qualification,London,England,False,0
13920,1986-01-29,Egypt,England,0,4,Friendly,Cairo,Egypt,False,4
13970,1986-02-26,Israel,England,1,2,Friendly,Ramat-Gan,Israel,False,3
14028,1986-03-26,Russia,England,0,1,Friendly,Tbilisi,Soviet Union,False,1
14055,1986-04-23,England,Scotland,2,1,Rous Cup,London,England,False,3
14088,1986-05-17,Mexico,England,0,3,Friendly,Los Angeles,USA,True,3
14092,1986-05-24,Canada,England,0,1,Friendly,Burnaby,Canada,False,1
14107,1986-06-03,Portugal,England,1,0,FIFA World Cup,Monterrey,Mexico,True,1
14117,1986-06-06,England,Morocco,0,0,FIFA World Cup,Monterrey,Mexico,True,0
14131,1986-06-11,England,Poland,3,0,FIFA World Cup,Monterrey,Mexico,True,3
14148,1986-06-18,England,Paraguay,3,0,FIFA World Cup,Mexico City,Mexico,True,3
14152,1986-06-22,Argentina,England,2,1,FIFA World Cup,Mexico City,Mexico,True,3
14218,1986-09-10,Sweden,England,1,0,Friendly,Solna,Sweden,False,1
14244,1986-10-15,England,Northern Ireland,3,0,UEFA Euro qualification,London,England,False,3
14265,1986-11-12,England,Yugoslavia,2,0,UEFA Euro qualification,London,England,False,2
14326,1987-02-18,Spain,England,2,4,Friendly,Madrid,Spain,False,6
14388,1987-04-01,Northern Ireland,England,0,2,UEFA Euro qualification,Belfast,Northern Ireland,False,2
14419,1987-04-29,Turkey,England,0,0,UEFA Euro qualification,Izmir,Turkey,False,0
14426,1987-05-19,England,Brazil,1,1,Rous Cup,London,England,False,2
14431,1987-05-23,Scotland,England,0,0,Rous Cup,Glasgow,Scotland,False,0
14521,1987-09-09,Germany,England,3,1,Friendly,Düsseldorf,Germany,False,4
14546,1987-10-14,England,Turkey,8,0,UEFA Euro qualification,London,England,False,8
14574,1987-11-11,Yugoslavia,England,1,4,UEFA Euro qualification,Belgrade,Yugoslavia,False,5
14710,1988-02-17,Israel,England,0,0,Friendly,Ramat-Gan,Israel,False,0
14766,1988-03-23,England,Netherlands,2,2,Friendly,London,England,False,4
14807,1988-04-27,Hungary,England,0,0,Friendly,Budapest,Hungary,False,0
14844,1988-05-21,England,Scotland,1,0,Rous Cup,London,England,False,1
14848,1988-05-24,England,Colombia,1,1,Rous Cup,London,England,False,2
14857,1988-05-28,Switzerland,England,0,1,Friendly,Basel,Switzerland,False,1
14887,1988-06-12,England,Ireland,0,1,UEFA Euro,Stuttgart,Germany,True,1
14894,1988-06-15,England,Netherlands,1,3,UEFA Euro,Düsseldorf,Germany,True,4
14903,1988-06-18,England,Russia,1,3,UEFA Euro,Frankfurt am Main,Germany,True,4
15011,1988-09-14,England,Denmark,1,0,Friendly,London,England,False,1
15062,1988-10-19,England,Sweden,0,0,FIFA World Cup qualification,London,England,False,0
15123,1988-11-16,Saudi Arabia,England,1,1,Friendly,Riyadh,Saudi Arabia,False,2
15254,1989-02-08,Greece,England,1,2,Friendly,Athens,Greece,False,3
15286,1989-03-08,Albania,England,0,2,FIFA World Cup qualification,Tirana,Albania,False,2
15377,1989-04-26,England,Albania,5,0,FIFA World Cup qualification,London,England,False,5
15427,1989-05-23,England,Chile,0,0,Rous Cup,London,England,False,0
15444,1989-05-27,Scotland,England,0,2,Rous Cup,Glasgow,Scotland,False,2
15467,1989-06-03,England,Poland,3,0,FIFA World Cup qualification,London,England,False,3
15481,1989-06-07,Denmark,England,1,1,Friendly,Copenhagen,Denmark,False,2
15640,1989-09-06,Sweden,England,0,0,FIFA World Cup qualification,Solna,Sweden,False,0
15673,1989-10-11,Poland,England,0,0,FIFA World Cup qualification,Chorzów,Poland,False,0
15738,1989-11-15,England,Italy,0,0,Friendly,London,England,False,0
15772,1989-12-13,England,Yugoslavia,2,1,Friendly,London,England,False,3
15880,1990-03-28,England,Brazil,1,0,Friendly,London,England,False,1
15908,1990-04-25,England,Czechoslovakia,4,2,Friendly,London,England,False,6
15932,1990-05-15,England,Denmark,1,0,Friendly,London,England,False,1
15948,1990-05-22,England,Uruguay,1,2,Friendly,London,England,False,3
15979,1990-06-02,Tunisia,England,1,1,Friendly,Tunis,Tunisia,False,2
15994,1990-06-11,England,Ireland,1,1,FIFA World Cup,Cagliari,Italy,True,2
16005,1990-06-16,England,Netherlands,0,0,FIFA World Cup,Cagliari,Italy,True,0
16019,1990-06-21,England,Egypt,1,0,FIFA World Cup,Cagliari,Italy,True,1
16028,1990-06-26,England,Belgium,1,0,FIFA World Cup,Bologna,Italy,True,1
16032,1990-07-01,Cameroon,England,2,3,FIFA World Cup,Naples,Italy,True,5
16035,1990-07-04,Germany,England,1,1,FIFA World Cup,Turin,Italy,True,2
16037,1990-07-07,Italy,England,2,1,FIFA World Cup,Bari,Italy,False,3
16103,1990-09-12,England,Hungary,1,0,Friendly,London,England,False,1
16133,1990-10-17,England,Poland,2,0,UEFA Euro qualification,London,England,False,2
16169,1990-11-14,Ireland,England,1,1,UEFA Euro qualification,Dublin,Ireland,False,2
16237,1991-02-06,England,Cameroon,2,0,Friendly,London,England,False,2
16270,1991-03-27,England,Ireland,1,1,UEFA Euro qualification,London,England,False,2
16327,1991-05-01,Turkey,England,0,1,UEFA Euro qualification,Izmir,Turkey,False,1
16360,1991-05-21,England,Russia,3,1,Friendly,London,England,False,4
16371,1991-05-25,England,Argentina,2,2,Friendly,London,England,False,4
16388,1991-06-01,Australia,England,0,1,Friendly,Sydney,Australia,False,1
16395,1991-06-03,New Zealand,England,0,1,Friendly,Auckland,New Zealand,False,1
16406,1991-06-08,New Zealand,England,0,2,Friendly,Wellington,New Zealand,False,2
16413,1991-06-12,Malaysia,England,2,4,Friendly,Kuala Lumpur,Malaysia,False,6
16529,1991-09-11,England,Germany,0,1,Friendly,London,England,False,1
16588,1991-10-16,England,Turkey,1,0,UEFA Euro qualification,London,England,False,1
16608,1991-11-13,Poland,England,1,1,UEFA Euro qualification,Poznań,Poland,False,2
16710,1992-02-19,England,France,2,0,Friendly,London,England,False,2
16733,1992-03-25,Czechoslovakia,England,2,2,Friendly,Prague,Czechoslovakia,False,4
16780,1992-04-29,Russia,England,2,2,Friendly,Moscow,Russia,False,4
16793,1992-05-12,Hungary,England,0,1,Friendly,Budapest,Hungary,False,1
16800,1992-05-17,England,Brazil,1,1,Friendly,London,England,False,2
16837,1992-06-03,Finland,England,1,2,Friendly,Helsinki,Finland,False,3
16855,1992-06-11,Denmark,England,0,0,UEFA Euro,Malmö,Sweden,True,0
16861,1992-06-14,France,England,0,0,UEFA Euro,Malmö,Sweden,True,0
16871,1992-06-17,Sweden,England,2,1,UEFA Euro,Solna,Sweden,False,3
17038,1992-09-09,Spain,England,1,0,Friendly,Santander,Spain,False,1
17097,1992-10-14,England,Norway,1,1,FIFA World Cup qualification,London,England,False,2
17183,1992-11-18,England,Turkey,4,0,FIFA World Cup qualification,London,England,False,4
17328,1993-02-17,England,San Marino,6,0,FIFA World Cup qualification,London,England,False,6
17408,1993-03-31,Turkey,England,0,2,FIFA World Cup qualification,Izmir,Turkey,False,2
17505,1993-04-28,England,Netherlands,2,2,FIFA World Cup qualification,London,England,False,4
17610,1993-05-29,Poland,England,1,1,FIFA World Cup qualification,Chorzów,Poland,False,2
17623,1993-06-02,Norway,England,2,0,FIFA World Cup qualification,Oslo,Norway,False,2
17648,1993-06-09,USA,England,2,0,USA Cup,Foxborough,USA,False,2
17659,1993-06-13,Brazil,England,1,1,USA Cup,Washington,USA,True,2
17683,1993-06-19,England,Germany,1,2,USA Cup,Pontiac,USA,True,3
17827,1993-09-08,England,Poland,3,0,FIFA World Cup qualification,London,England,False,3
17877,1993-10-13,Netherlands,England,2,0,FIFA World Cup qualification,Rotterdam,Netherlands,False,2
17935,1993-11-17,San Marino,England,1,7,FIFA World Cup qualification,Bologna,Italy,True,8
18053,1994-03-09,England,Denmark,1,0,Friendly,London,England,False,1
18168,1994-05-17,England,Greece,5,0,Friendly,London,England,False,5
18173,1994-05-22,England,Norway,0,0,Friendly,London,England,False,0
18345,1994-09-07,England,USA,2,0,Friendly,London,England,False,2
18390,1994-10-12,England,Romania,1,1,Friendly,London,England,False,2
18465,1994-11-16,England,Nigeria,1,0,Friendly,London,England,False,1
18588,1995-02-15,Ireland,England,1,0,Friendly,Dublin,Ireland,False,1
18642,1995-03-29,England,Uruguay,0,0,Friendly,London,England,False,0
18774,1995-06-03,England,Japan,2,1,Friendly,London,England,False,3
18809,1995-06-08,England,Sweden,3,3,Friendly,Leeds,England,False,6
18815,1995-06-11,England,Brazil,1,3,Friendly,London,England,False,4
18969,1995-09-06,England,Colombia,0,0,Friendly,London,England,False,0
19016,1995-10-11,Norway,England,0,0,Friendly,Oslo,Norway,False,0
19061,1995-11-15,England,Switzerland,3,1,Friendly,London,England,False,4
19144,1995-12-12,England,Portugal,1,1,Friendly,London,England,False,2
19336,1996-04-24,England,Croatia,0,0,Friendly,London,England,False,0
19388,1996-05-18,England,Hungary,3,0,Friendly,London,England,False,3
19398,1996-05-23,China,England,0,3,Friendly,Beijing,China,False,3
19480,1996-06-08,England,Switzerland,1,1,UEFA Euro,London,England,False,2
19514,1996-06-15,England,Scotland,2,0,UEFA Euro,London,England,False,2
19535,1996-06-18,England,Netherlands,4,1,UEFA Euro,London,England,False,5
19551,1996-06-22,England,Spain,0,0,UEFA Euro,London,England,False,0
19561,1996-06-26,England,Germany,1,1,UEFA Euro,London,England,False,2
19678,1996-09-01,Moldova,England,0,3,FIFA World Cup qualification,Chişinău,Moldova,False,3
19792,1996-10-09,England,Poland,2,1,FIFA World Cup qualification,London,England,False,3
19853,1996-11-09,Georgia,England,0,2,FIFA World Cup qualification,Tbilisi,Georgia,False,2
20052,1997-02-12,England,Italy,0,1,FIFA World Cup qualification,London,England,False,1
20156,1997-03-29,England,Mexico,2,0,Friendly,London,England,False,2
20284,1997-04-30,England,Georgia,2,0,FIFA World Cup qualification,London,England,False,2
20326,1997-05-24,England,South Africa,2,1,Friendly,Manchester,England,False,3
20339,1997-05-31,Poland,England,0,2,FIFA World Cup qualification,Chorzów,Poland,False,2
20351,1997-06-04,England,Italy,2,0,Tournoi de France,Nantes,France,True,2
20366,1997-06-07,France,England,0,1,Tournoi de France,Montpellier,France,False,1
20402,1997-06-10,England,Brazil,0,1,Tournoi de France,Paris,France,True,1
20630,1997-09-10,England,Moldova,4,0,FIFA World Cup qualification,London,England,False,4
20700,1997-10-11,Italy,England,0,0,FIFA World Cup qualification,Rome,Italy,False,0
20761,1997-11-15,England,Cameroon,2,0,Friendly,London,England,False,2
20912,1998-02-11,England,Chile,0,2,Friendly,London,England,False,2
20996,1998-03-25,Switzerland,England,1,1,Friendly,Berne,Switzerland,False,2
21028,1998-04-22,England,Portugal,3,0,Friendly,London,England,False,3
21068,1998-05-23,England,Saudi Arabia,0,0,Friendly,London,England,False,0
21080,1998-05-27,Morocco,England,0,1,King Hassan II Tournament,Casablanca,Morocco,False,1
21086,1998-05-29,Belgium,England,0,0,King Hassan II Tournament,Casablanca,Morocco,True,0
21138,1998-06-15,England,Tunisia,2,0,FIFA World Cup,Marseille,France,True,2
21157,1998-06-22,Romania,England,2,1,FIFA World Cup,Toulouse,France,True,3
21174,1998-06-26,Colombia,England,0,2,FIFA World Cup,Lens,France,True,2
21187,1998-06-30,Argentina,England,2,2,FIFA World Cup,Saint-Étienne,France,True,4
21326,1998-09-05,Sweden,England,2,1,UEFA Euro qualification,Solna,Sweden,False,3
21414,1998-10-10,England,Bulgaria,0,0,UEFA Euro qualification,London,England,False,0
21443,1998-10-14,Luxembourg,England,0,3,UEFA Euro qualification,Luxembourg,Luxembourg,False,3
21493,1998-11-18,England,Czech Republic,2,0,Friendly,London,England,False,2
21570,1999-02-10,England,France,0,2,Friendly,London,England,False,2
21664,1999-03-27,England,Poland,3,1,UEFA Euro qualification,London,England,False,4
21737,1999-04-28,Hungary,England,1,1,Friendly,Budapest,Hungary,False,2
21798,1999-06-05,England,Sweden,0,0,UEFA Euro qualification,London,England,False,0
21839,1999-06-09,Bulgaria,England,1,1,UEFA Euro qualification,Sofia,Bulgaria,False,2
22026,1999-09-04,England,Luxembourg,6,0,UEFA Euro qualification,London,England,False,6
22062,1999-09-08,Poland,England,0,0,UEFA Euro qualification,Warsaw,Poland,False,0
22110,1999-10-10,England,Belgium,2,1,Friendly,Sunderland,England,False,3
22158,1999-11-13,Scotland,England,0,2,UEFA Euro qualification,Glasgow,Scotland,False,2
22168,1999-11-17,England,Scotland,0,1,UEFA Euro qualification,London,England,False,1
22380,2000-02-23,England,Argentina,0,0,Friendly,London,England,False,0
22688,2000-05-27,England,Brazil,1,1,Friendly,London,England,False,2
22704,2000-05-31,England,Ukraine,2,0,Friendly,London,England,False,2
22724,2000-06-03,Malta,England,1,2,Friendly,Attard,Malta,False,3
22779,2000-06-12,Portugal,England,3,2,UEFA Euro,Eindhoven,Netherlands,True,5
22793,2000-06-17,England,Germany,1,0,UEFA Euro,Charleroi,Belgium,True,1
22814,2000-06-20,England,Romania,2,3,UEFA Euro,Charleroi,Belgium,True,5
22996,2000-09-02,France,England,1,1,Friendly,Saint-Denis,France,False,2
23071,2000-10-07,England,Germany,0,1,FIFA World Cup qualification,London,England,False,1
23117,2000-10-11,Finland,England,0,0,FIFA World Cup qualification,Helsinki,Finland,False,0
23204,2000-11-15,Italy,England,1,0,Friendly,Turin,Italy,False,1
23403,2001-02-28,England,Spain,3,0,Friendly,Birmingham,England,False,3
23472,2001-03-24,England,Finland,2,1,FIFA World Cup qualification,Liverpool,England,False,3
23507,2001-03-28,Albania,England,1,3,FIFA World Cup qualification,Tirana,Albania,False,4
23722,2001-05-25,England,Mexico,4,0,Friendly,Derby,England,False,4
23807,2001-06-06,Greece,England,0,2,FIFA World Cup qualification,Athens,Greece,False,2
23970,2001-08-15,England,Netherlands,0,2,Friendly,London,England,False,2
24011,2001-09-01,Germany,England,1,5,FIFA World Cup qualification,Munich,Germany,False,6
24041,2001-09-05,England,Albania,2,0,FIFA World Cup qualification,Newcastle,England,False,2
24092,2001-10-06,England,Greece,2,2,FIFA World Cup qualification,Manchester,England,False,4
24159,2001-11-10,England,Sweden,1,1,Friendly,Manchester,England,False,2
24357,2002-02-13,Netherlands,England,1,1,Friendly,Amsterdam,Netherlands,False,2
24409,2002-03-27,England,Italy,1,2,Friendly,Leeds,England,False,3
24443,2002-04-17,England,Paraguay,4,0,Friendly,Liverpool,England,False,4
24513,2002-05-21,Korea Republic,England,1,1,Friendly,Seogwipo,Korea Republic,False,2
24524,2002-05-26,Cameroon,England,2,2,Friendly,Kobe,Japan,True,4
24533,2002-06-02,England,Sweden,1,1,FIFA World Cup,Saitama,Japan,True,2
24550,2002-06-07,Argentina,England,0,1,FIFA World Cup,Sapporo,Japan,True,1
24568,2002-06-12,Nigeria,England,0,0,FIFA World Cup,Osaka,Japan,True,0
24580,2002-06-15,Denmark,England,0,3,FIFA World Cup,Niigata,Japan,True,3
24588,2002-06-21,England,Brazil,1,2,FIFA World Cup,Fukuroi,Japan,True,3
24724,2002-09-07,England,Portugal,1,1,Friendly,Birmingham,England,False,2
24798,2002-10-12,Slovakia,England,1,2,UEFA Euro qualification,Bratislava,Slovakia,False,3
24817,2002-10-16,England,Macedonia,2,2,UEFA Euro qualification,Southampton,England,False,4
25029,2003-02-12,England,Australia,1,3,Friendly,London,England,False,4
25160,2003-03-29,Liechtenstein,England,0,2,UEFA Euro qualification,Vaduz,Liechtenstein,False,2
25201,2003-04-02,England,Turkey,2,0,UEFA Euro qualification,Sunderland,England,False,2
25273,2003-05-22,South Africa,England,1,2,Friendly,Durban,South Africa,False,3
25290,2003-06-03,England,Serbia,2,1,Friendly,Leicester,England,False,3
25348,2003-06-11,England,Slovakia,2,1,UEFA Euro qualification,Middlesbrough,England,False,3
25511,2003-08-20,England,Croatia,3,1,Friendly,Ipswich,England,False,4
25557,2003-09-06,Macedonia,England,1,2,UEFA Euro qualification,Skopje,Macedonia,False,3
25582,2003-09-10,England,Liechtenstein,2,0,UEFA Euro qualification,Manchester,England,False,2
25680,2003-10-11,Turkey,England,0,0,UEFA Euro qualification,Istanbul,Turkey,False,0
25776,2003-11-16,England,Denmark,2,3,Friendly,Manchester,England,False,5
26006,2004-02-18,Portugal,England,1,1,Friendly,Faro,Portugal,False,2
26104,2004-03-31,Sweden,England,1,0,Friendly,Gothenburg,Sweden,False,1
26248,2004-06-01,England,Japan,1,1,Friendly,Manchester,England,False,2
26277,2004-06-05,England,Iceland,6,1,Friendly,Manchester,England,False,7
26338,2004-06-13,France,England,2,1,UEFA Euro,Lisbon,Portugal,True,3
26352,2004-06-17,England,Switzerland,3,0,UEFA Euro,Coimbra,Portugal,True,3
26387,2004-06-21,Croatia,England,2,4,UEFA Euro,Lisbon,Portugal,True,6
26397,2004-06-24,Portugal,England,2,2,UEFA Euro,Lisbon,Portugal,False,4
26514,2004-08-18,England,Ukraine,3,0,Friendly,Newcastle,England,False,3
26559,2004-09-04,Austria,England,2,2,FIFA World Cup qualification,Vienna,Austria,False,4
26633,2004-09-08,Poland,England,1,2,FIFA World Cup qualification,Chorzów,Poland,False,3
26677,2004-10-09,England,Wales,2,0,FIFA World Cup qualification,Manchester,England,False,2
26717,2004-10-13,Azerbaijan,England,0,1,FIFA World Cup qualification,Baku,Azerbaijan,False,1
26828,2004-11-17,Spain,England,1,0,Friendly,Madrid,Spain,False,1
27001,2005-02-09,England,Netherlands,0,0,Friendly,Birmingham,England,False,0
27095,2005-03-26,England,Northern Ireland,4,0,FIFA World Cup qualification,Manchester,England,False,4
27136,2005-03-30,England,Azerbaijan,2,0,FIFA World Cup qualification,Newcastle,England,False,2
27189,2005-05-28,USA,England,1,2,Friendly,Chicago,USA,False,3
27194,2005-05-31,Colombia,England,2,3,Friendly,East Rutherford,USA,True,5
27383,2005-08-17,Denmark,England,4,1,Friendly,Copenhagen,Denmark,False,5
27457,2005-09-03,Wales,England,0,1,FIFA World Cup qualification,Cardiff,Wales,False,1
27494,2005-09-07,Northern Ireland,England,1,0,FIFA World Cup qualification,Belfast,Northern Ireland,False,1
27524,2005-10-08,England,Austria,1,0,FIFA World Cup qualification,Manchester,England,False,1
27567,2005-10-12,England,Poland,2,1,FIFA World Cup qualification,Manchester,England,False,3
27608,2005-11-12,England,Argentina,3,2,Friendly,Geneva,Switzerland,True,5
27828,2006-03-01,England,Uruguay,2,1,Friendly,Liverpool,England,False,3
27973,2006-05-30,England,Hungary,3,1,Friendly,Manchester,England,False,4
28001,2006-06-03,England,Jamaica,6,0,Friendly,Manchester,England,False,6
28024,2006-06-10,England,Paraguay,1,0,FIFA World Cup,Frankfurt am Main,Germany,True,1
28039,2006-06-15,England,Trinidad and Tobago,2,0,FIFA World Cup,Nuremberg,Germany,True,2
28056,2006-06-20,Sweden,England,2,2,FIFA World Cup,Cologne,Germany,True,4
28073,2006-06-25,England,Ecuador,1,0,FIFA World Cup,Stuttgart,Germany,True,1
28087,2006-07-01,England,Portugal,0,0,FIFA World Cup,Gelsenkirchen,Germany,True,0
28139,2006-08-16,England,Greece,4,0,Friendly,Manchester,England,False,4
28189,2006-09-02,England,Andorra,5,0,UEFA Euro qualification,Manchester,England,False,5
28255,2006-09-06,Macedonia,England,0,1,UEFA Euro qualification,Skopje,Macedonia,False,1
28324,2006-10-07,England,Macedonia,0,0,UEFA Euro qualification,Manchester,England,False,0
28371,2006-10-11,Croatia,England,2,0,UEFA Euro qualification,Zagreb,Croatia,False,2
28453,2006-11-15,Netherlands,England,1,1,Friendly,Amsterdam,Netherlands,False,2
28613,2007-02-07,England,Spain,0,1,Friendly,Manchester,England,False,1
28687,2007-03-24,Israel,England,0,0,UEFA Euro qualification,Ramat-Gan,Israel,False,0
28730,2007-03-28,Andorra,England,0,3,UEFA Euro qualification,Barcelona,Spain,True,3
28799,2007-06-01,England,Brazil,1,1,Friendly,London,England,False,2
28869,2007-06-06,Estonia,England,0,3,UEFA Euro qualification,Tallinn,Estonia,False,3
29073,2007-08-22,England,Germany,1,2,Friendly,London,England,False,3
29144,2007-09-08,England,Israel,3,0,UEFA Euro qualification,London,England,False,3
29201,2007-09-12,England,Russia,3,0,UEFA Euro qualification,London,England,False,3
29253,2007-10-13,England,Estonia,3,0,UEFA Euro qualification,London,England,False,3
29313,2007-10-17,Russia,England,2,1,UEFA Euro qualification,Moscow,Russia,False,3
29352,2007-11-16,Austria,England,0,1,Friendly,Vienna,Austria,False,1
29416,2007-11-21,England,Croatia,2,3,UEFA Euro qualification,London,England,False,5
29578,2008-02-06,England,Switzerland,2,1,Friendly,London,England,False,3
29667,2008-03-26,France,England,1,0,Friendly,Saint-Denis,France,False,1
29788,2008-05-28,England,USA,2,0,Friendly,London,England,False,2
29841,2008-06-01,Trinidad and Tobago,England,0,3,Friendly,Port of Spain,Trinidad and Tobago,False,3
30123,2008-08-20,England,Czech Republic,2,2,Friendly,London,England,False,4
30184,2008-09-06,Andorra,England,0,2,FIFA World Cup qualification,Barcelona,Spain,True,2
30250,2008-09-10,Croatia,England,1,4,FIFA World Cup qualification,Zagreb,Croatia,False,5
30319,2008-10-11,England,Kazakhstan,5,1,FIFA World Cup qualification,London,England,False,6
30379,2008-10-15,Belarus,England,1,3,FIFA World Cup qualification,Minsk,Belarus,False,4
30474,2008-11-19,Germany,England,1,2,Friendly,Berlin,Germany,False,3
30686,2009-02-11,Spain,England,2,0,Friendly,Seville,Spain,False,2
30727,2009-03-28,England,Slovakia,4,0,Friendly,London,England,False,4
30777,2009-04-01,England,Ukraine,2,1,FIFA World Cup qualification,London,England,False,3
30876,2009-06-06,Kazakhstan,England,0,4,FIFA World Cup qualification,Almaty,Kazakhstan,False,4
30908,2009-06-10,England,Andorra,6,0,FIFA World Cup qualification,London,England,False,6
31033,2009-08-12,Netherlands,England,2,2,Friendly,Amsterdam,Netherlands,False,4
31083,2009-09-05,England,Slovenia,2,1,Friendly,London,England,False,3
31130,2009-09-09,England,Croatia,5,1,FIFA World Cup qualification,London,England,False,6
31201,2009-10-10,Ukraine,England,1,0,FIFA World Cup qualification,Dnipropetrovs'k,Ukraine,False,1
31224,2009-10-14,England,Belarus,3,0,FIFA World Cup qualification,London,England,False,3
31288,2009-11-14,Brazil,England,1,0,Friendly,Doha,Qatar,True,1
31514,2010-03-03,England,Egypt,3,1,Friendly,London,England,False,4
31587,2010-05-24,England,Mexico,3,1,Friendly,London,England,False,4
31627,2010-05-30,Japan,England,1,2,Friendly,Graz,Austria,True,3
31669,2010-06-12,England,USA,1,1,FIFA World Cup,Rustenburg,South Africa,True,2
31686,2010-06-18,England,Algeria,0,0,FIFA World Cup,Cape Town,South Africa,True,0
31710,2010-06-23,Slovenia,England,0,1,FIFA World Cup,Port Elizabeth,South Africa,True,1
31724,2010-06-27,Germany,England,4,1,FIFA World Cup,Bloemfontein,South Africa,True,5
31761,2010-08-11,England,Hungary,2,1,Friendly,London,England,False,3
31810,2010-09-03,England,Bulgaria,4,0,UEFA Euro qualification,London,England,False,4
31896,2010-09-07,Switzerland,England,1,3,UEFA Euro qualification,Basel,Switzerland,False,4
32030,2010-10-12,England,Montenegro,0,0,UEFA Euro qualification,London,England,False,0
32124,2010-11-17,England,France,1,2,Friendly,London,England,False,3
32335,2011-02-09,Denmark,England,1,2,Friendly,Copenhagen,Denmark,False,3
32437,2011-03-26,Wales,England,0,2,UEFA Euro qualification,Cardiff,Wales,False,2
32461,2011-03-29,England,Ghana,1,1,Friendly,London,England,False,2
32544,2011-06-04,England,Switzerland,2,2,UEFA Euro qualification,London,England,False,4
32834,2011-09-02,Bulgaria,England,0,3,UEFA Euro qualification,Sofia,Bulgaria,False,3
32926,2011-09-06,England,Wales,1,0,UEFA Euro qualification,London,England,False,1
33011,2011-10-07,Montenegro,England,2,2,UEFA Euro qualification,Podgorica,Montenegro,False,4
33165,2011-11-12,England,Spain,1,0,Friendly,London,England,False,1
33191,2011-11-15,England,Sweden,1,0,Friendly,London,England,False,1
33389,2012-02-29,England,Netherlands,2,3,Friendly,London,England,False,5
33510,2012-05-26,Norway,England,0,1,Friendly,Oslo,Norway,False,1
33564,2012-06-02,England,Belgium,1,0,Friendly,London,England,False,1
33664,2012-06-11,France,England,1,1,UEFA Euro,Donets'k,Ukraine,True,2
33688,2012-06-15,Sweden,England,2,3,UEFA Euro,Kyïv,Ukraine,True,5
33710,2012-06-19,Ukraine,England,0,1,UEFA Euro,Donets'k,Ukraine,False,1
33717,2012-06-24,England,Italy,0,0,UEFA Euro,Kyïv,Ukraine,True,0
33771,2012-08-15,England,Italy,2,1,Friendly,Berne,Switzerland,True,3
33854,2012-09-07,Moldova,England,0,5,FIFA World Cup qualification,Chişinău,Moldova,False,5
33899,2012-09-11,England,Ukraine,1,1,FIFA World Cup qualification,London,England,False,2
33999,2012-10-12,England,San Marino,5,0,FIFA World Cup qualification,London,England,False,5
34085,2012-10-17,Poland,England,1,1,FIFA World Cup qualification,Warsaw,Poland,False,2
34153,2012-11-14,Sweden,England,4,2,Friendly,Solna,Sweden,False,6
34384,2013-02-06,England,Brazil,2,1,Friendly,London,England,False,3
34497,2013-03-22,San Marino,England,0,8,FIFA World Cup qualification,Serravalle,San Marino,False,8
34557,2013-03-26,Montenegro,England,1,1,FIFA World Cup qualification,Podgorica,Montenegro,False,2
34592,2013-05-29,England,Ireland,1,1,Friendly,London,England,False,2
34603,2013-06-02,Brazil,England,2,2,Friendly,Rio de Janeiro,Brazil,False,4
34829,2013-08-14,England,Scotland,3,2,Friendly,London,England,False,5
34900,2013-09-06,England,Moldova,4,0,FIFA World Cup qualification,London,England,False,4
34996,2013-09-10,Ukraine,England,0,0,FIFA World Cup qualification,Kyïv,Ukraine,False,0
35021,2013-10-11,England,Montenegro,4,1,FIFA World Cup qualification,London,England,False,5
35062,2013-10-15,England,Poland,2,0,FIFA World Cup qualification,London,England,False,2
35119,2013-11-15,England,Chile,0,2,Friendly,London,England,False,2
35167,2013-11-19,England,Germany,0,1,Friendly,London,England,False,1
35308,2014-03-05,England,Denmark,1,0,Friendly,London,England,False,1
35442,2014-05-30,England,Peru,3,0,Friendly,London,England,False,3
35492,2014-06-04,Ecuador,England,2,2,Friendly,Miami Gardens,USA,True,4
35516,2014-06-07,Honduras,England,0,0,Friendly,Miami Gardens,USA,True,0
35529,2014-06-14,England,Italy,1,2,FIFA World Cup,Manaus,Brazil,True,3
35547,2014-06-19,Uruguay,England,2,1,FIFA World Cup,São Paulo,Brazil,True,3
35563,2014-06-24,Costa Rica,England,0,0,FIFA World Cup,Belo Horizonte,Brazil,True,0
35643,2014-09-03,England,Norway,1,0,Friendly,London,England,False,1
35721,2014-09-08,Switzerland,England,0,2,UEFA Euro qualification,Basel,Switzerland,False,2
35766,2014-10-09,England,San Marino,5,0,UEFA Euro qualification,London,England,False,5
35826,2014-10-12,Estonia,England,0,1,UEFA Euro qualification,Tallinn,Estonia,False,1
35954,2014-11-15,England,Slovenia,3,1,UEFA Euro qualification,London,England,False,4
36009,2014-11-18,Scotland,England,1,3,Friendly,Glasgow,Scotland,False,4
36203,2015-03-27,England,Lithuania,4,0,UEFA Euro qualification,London,England,False,4
36266,2015-03-31,Italy,England,1,1,Friendly,Turin,Italy,False,2
36354,2015-06-07,Ireland,England,0,0,Friendly,Dublin,Ireland,False,0
36449,2015-06-14,Slovenia,England,2,3,UEFA Euro qualification,Ljubljana,Slovenia,False,5
36620,2015-09-05,San Marino,England,0,6,UEFA Euro qualification,Serravalle,San Marino,False,6
36662,2015-09-08,England,Switzerland,2,0,UEFA Euro qualification,London,England,False,2
36731,2015-10-09,England,Estonia,2,0,UEFA Euro qualification,London,England,False,2
36777,2015-10-12,Lithuania,England,0,3,UEFA Euro qualification,Vilnius,Lithuania,False,3
36913,2015-11-13,Spain,England,2,0,Friendly,Alicante,Spain,False,2
36949,2015-11-17,England,France,2,0,Friendly,London,England,False,2
37162,2016-03-26,Germany,England,2,3,Friendly,Berlin,Germany,False,5
37196,2016-03-29,England,Netherlands,1,2,Friendly,London,England,False,3
37251,2016-05-22,England,Turkey,2,1,Friendly,Manchester,England,False,3
37258,2016-05-27,England,Australia,2,1,Friendly,Sunderland,England,False,3
37315,2016-06-02,England,Portugal,1,0,Friendly,London,England,False,1
37415,2016-06-11,England,Russia,1,1,UEFA Euro,Marseille,France,True,2
37448,2016-06-16,England,Wales,2,1,UEFA Euro,Lens,France,True,3
37470,2016-06-20,Slovakia,England,0,0,UEFA Euro,Saint-Étienne,France,True,0
37498,2016-06-27,England,Iceland,1,2,UEFA Euro,Nice,France,True,3
37588,2016-09-04,Slovakia,England,0,1,FIFA World Cup qualification,Trnava,Slovakia,False,1
37687,2016-10-08,England,Malta,2,0,FIFA World Cup qualification,London,England,False,2
37756,2016-10-11,Slovenia,England,0,0,FIFA World Cup qualification,Ljubljana,Slovenia,False,0
37804,2016-11-11,England,Scotland,3,0,FIFA World Cup qualification,London,England,False,3
37865,2016-11-15,England,Spain,2,2,Friendly,London,England,False,4
37992,2017-03-22,Germany,England,1,0,Friendly,Dortmund,Germany,False,1
38050,2017-03-26,England,Lithuania,2,0,FIFA World Cup qualification,London,England,False,2
38209,2017-06-10,Scotland,England,2,2,FIFA World Cup qualification,Glasgow,Scotland,False,4
38243,2017-06-13,France,England,3,2,Friendly,Saint-Denis,France,False,5
38393,2017-09-01,Malta,England,0,4,FIFA World Cup qualification,Attard,Malta,False,4
38433,2017-09-04,England,Slovakia,2,1,FIFA World Cup qualification,London,England,False,3
38494,2017-10-05,England,Slovenia,1,0,FIFA World Cup qualification,London,England,False,1
38550,2017-10-08,Lithuania,England,0,1,FIFA World Cup qualification,Vilnius,Lithuania,False,1
38621,2017-11-10,England,Germany,0,0,Friendly,London,England,False,0
38674,2017-11-14,England,Brazil,0,0,Friendly,London,England,False,0
38824,2018-03-23,Netherlands,England,0,1,Friendly,Amsterdam,Netherlands,False,1
38881,2018-03-27,England,Italy,1,1,Friendly,London,England,False,2
38981,2018-06-02,England,Nigeria,2,1,Friendly,London,England,False,3
